ticker,source_names,source_types,seed_hits,etf_hits,name,rating,market weight,sector_key,industry_key,symbol,Name,Holding Percent,seed,source_count,source_type_count,sources,is_active,is_reserve,is_hard_exclusion,candidate_status,ytd return,growth estimate,last price,target price,marketCap,averageDailyVolume3Month,regularMarketPrice,fiftyDayAverageChangePercent,twoHundredDayAverageChangePercent,regularMarketChangePercent,sector,industry,priority_score,profile,recent_score,recent_r63,recent_r126,recent_r252,scan_algo_fit,scan_algo_compat_score,scan_algo_compat_score_v2,scan_latest_rank_if_added,scan_days_top15_if_added,scan_days_top5_if_added,scan_top5_share,scan_rel_recent_score,scan_rr_score,scan_breakout252_component,scan_trend200_component,scan_dist_sma220,scan_dd60,scan_r21,scan_entry_heat_flag,scan_pullback_quality,scan_candidate_track,recommendation,full_delta_roi_pct,oos_delta_roi_pct,full_delta_sharpe,oos_delta_sharpe,full_delta_maxdd_pct,oos_delta_maxdd_pct,backtestable_now,recommendation_rank,source_profiles,profile_count,high_fit_profile_count,positive_profile_count,dynamic_conviction_score,dynamic_status,dynamic_status_rank,exchange,fullExchangeName,broker_tradeable,broker_min_market_cap,add_wf_available,add_mean_delta_roi_2017_2025,add_mean_delta_sharpe_2017_2025,add_mean_delta_maxdd_2017_2025,add_roi_wins_2017_2025,add_sharpe_wins_2017_2025,add_maxdd_wins_2017_2025,add_delta_roi_2026_ytd,add_delta_sharpe_2026_ytd,add_delta_maxdd_2026_ytd,promotion_score,promotion_stage,promotion_stage_rank,as_of
FIX,{'BE'},seed_peer,BE,,"Comfort Systems USA, Inc.",Strong Buy,0.007515871,industrials,electrical-equipment-parts,,,,,1,1,BE,0,0,0,new,,,,,49674547200.0,,,,,,,,12.0,targeted_current,1.5915740577470052,0.5331395842175073,0.7653658111471886,2.9469995411115706,high,9.35,9.989958342064236,6.0,806.0,115.0,0.1426799007444168,1.3938621611610291,3.0783210596425854,0.8826272261835405,0.3753368426828238,0.634411466537544,-0.0410804708357608,-0.0369162041469328,0.0,0.0,persistent_leader,watch,43235.97982181666,1496.9037131262116,,,55.07769624097485,71.1891249706593,1.0,2,targeted_current,1,1,1,18.4625,watch,3,NYQ,NYQ,True,1000000000.0,0.0,0.0,0.0,0.0,0.0,0.0,0.0,0.0,0.0,0.0,1897.5921,targeted_integration,3,2026-03-24
STX,"{'LITE', 'WDC', 'SNDK'}",industry_top_growth|industry_top_performing|seed_peer,LITE|SNDK|WDC,,Seagate Technology Holdings plc,Buy,0.0041994154,technology,computer-hardware,,,,,3,3,LITE|SNDK|WDC,0,0,0,new,0.4671,4.829457364341085,404.02,475.354,90510729216.0,,,,,,,,26.5,targeted_current,1.835782190722346,0.3836300993618899,0.8262441658736552,3.571396261251264,high,8.937000000000001,9.979107941259247,6.0,234.0,43.0,0.1837606837606837,1.6031610222640802,2.319747028842955,0.7277661309685461,0.3956459648623922,0.6800022039991409,-0.0952818541610088,-0.017245984263378,0.0,1.0,persistent_leader,watch,42114.70336236563,1587.2721676499834,,,55.15339786864028,71.1891249706593,1.0,2,targeted_current,1,1,1,19.8116,watch,3,NMS,NMS,True,1000000000.0,0.0,0.0,0.0,0.0,0.0,0.0,0.0,0.0,0.0,0.0,1863.127,targeted_integration,3,2026-03-24
COHR,"{'LITE', 'WDC', 'SNDK'}",seed_peer,LITE|SNDK|WDC,,Coherent Corp.,Buy,0.002218571,technology,computer-hardware,,,,,3,1,LITE|SNDK|WDC,0,0,0,new,,,,,47821934592.0,,,,,,,,24.0,targeted_current,1.7101187856772238,0.4515394303472475,1.337549277105957,2.711977971913479,high,8.95,9.81411173452853,6.0,517.0,50.0,0.0967117988394584,1.5276811974381657,2.257176901396297,0.580762483948835,0.4732374088662845,0.7876736746421118,-0.1467331306179077,0.0276815641015488,0.0,1.0,persistent_leader,watch,40883.9017857154,1485.7024295311396,,,55.12367134541643,68.3561193342411,1.0,2,targeted_current,1,1,1,18.4832,watch,3,NYQ,NYQ,True,1000000000.0,0.0,0.0,0.0,0.0,0.0,0.0,0.0,0.0,0.0,0.0,1802.4095,targeted_integration,3,2026-03-24
CIEN,"{'LITE', 'WDC', 'SNDK'}",seed_peer,LITE|SNDK|WDC,,Ciena Corporation,Buy,0.0026772365,technology,computer-hardware,,,,,3,1,LITE|SNDK|WDC,0,0,0,new,,,,,57758113792.0,,,,,,,,24.0,targeted_current,3.052382806178926,0.9358358924566432,1.9478933893943415,5.2151456798246505,high,11.0,11.228700926930005,4.0,353.0,160.0,0.4532577903682719,2.7388305577853407,4.115526822090384,0.9675907506901156,0.8248144769127697,1.357446663930495,-0.0113432372584595,0.2177936379484681,1.0,0.0,persistent_leader,watch,39586.89704667709,1496.9037131262116,,,55.54900170207407,71.1891249706593,1.0,2,targeted_current,1,1,1,21.2683,watch,3,NYQ,NYQ,True,1000000000.0,0.0,0.0,0.0,0.0,0.0,0.0,0.0,0.0,0.0,0.0,1753.6346,targeted_integration,3,2026-03-24
GEV,"{'BE', 'XLI'}",etf_holding|seed_peer,BE,XLI,GE Vernova Inc.,Buy,0.036235664,industrials,electrical-equipment-parts,GEV,GE Vernova Inc,0.0436343,BE,2,2,BE|XLI,0,0,0,new,,,,,239603073024.0,,,,,,,,20.0,targeted_current,0.8898844070724561,0.3803544168375823,0.414101989546469,1.62043181971588,medium,7.7855,8.60554959900894,10.0,145.0,7.0,0.0482758620689655,0.7621847516329074,2.173488392040352,1.0,0.2492895615666245,0.4126217145748865,0.0,0.0629862298593877,0.0,0.0,persistent_leader,watch,36510.65230594267,1496.9037131262116,,,55.12367134541643,71.1891249706593,1.0,2,targeted_current,1,0,1,15.3368,watch,3,NYQ,NYQ,True,1000000000.0,0.0,0.0,0.0,0.0,0.0,0.0,0.0,0.0,0.0,0.0,1625.4533,watch_queue,2,2026-03-24
KEYS,"{'LITE', 'WDC', 'SNDK'}",seed_peer,LITE|SNDK|WDC,,"Keysight Technologies, Inc.",Buy,0.0022995116,technology,computer-hardware,,,,,3,1,LITE|SNDK|WDC,0,0,0,new,,,,,49589215232.0,,,,,,,,24.0,targeted_current,0.6835204994222056,0.4482032437373044,0.6220039368790597,0.862695689807802,medium,5.923,7.0370618741152375,17.0,211.0,47.0,0.2227488151658767,0.5988847896240026,1.2386066934339748,0.7782834669213552,0.3244049646609134,0.5107277743135565,-0.0776007865775256,0.1864991353415279,0.0,0.0,fringe,watch,36408.776826859365,1496.9037131262116,,,55.15339786864028,71.1891249706593,1.0,2,targeted_current,1,0,1,12.8739,watch,3,NYQ,NYQ,True,1000000000.0,0.0,0.0,0.0,0.0,0.0,0.0,0.0,0.0,0.0,0.0,1618.9153,watch_queue,2,2026-03-24
GLW,"{'LITE', 'WDC', 'SNDK'}",seed_peer,LITE|SNDK|WDC,,Corning Incorporated,Buy,0.005213407,technology,computer-hardware,,,,,3,1,LITE|SNDK|WDC,0,0,0,new,,,,,112481280000.0,,,,,,,,24.0,targeted_current,1.036360027680896,0.5074816455009798,0.6461790502726865,1.6909801961790638,medium,6.649,7.758277521199271,9.0,38.0,0.0,0.0,0.9067865541375733,1.5977224290230505,0.4753387271701051,0.354957141495347,0.5956781820154877,-0.1836314454904631,-0.0612142041602213,0.0,1.0,emerging_leader,watch,35404.0002338469,1496.9037131262116,,,55.15339786864028,71.1891249706593,1.0,2,targeted_current,1,0,1,14.1325,watch,3,NYQ,NYQ,True,1000000000.0,0.0,0.0,0.0,0.0,0.0,0.0,0.0,0.0,0.0,0.0,1579.9829,watch_queue,2,2026-03-24
DELL,"{'LITE', 'WDC', 'SNDK'}",industry_top_performing|seed_peer,LITE|SNDK|WDC,,Dell Technologies Inc.,Buy,0.0050606043,technology,computer-hardware,,,,,3,2,LITE|SNDK|WDC,0,0,0,new,0.3075,,164.59,167.87,109105217536.0,,,,,,,,26.5,targeted_current,0.432288899502557,0.3387830898761772,0.2474609162674832,0.6638697875508208,low,4.956,6.018690674681082,33.0,270.0,34.0,0.1259259259259259,0.3559552000420575,0.6872886381921299,0.9949745522919964,0.1648000289665963,0.2670236196352236,0.0,0.3461192513022291,0.0,0.0,fringe,,,,,,,,,0,targeted_current,1,0,0,8.6473,review,2,NYQ,NYQ,True,1000000000.0,0.0,0.0,0.0,0.0,0.0,0.0,0.0,0.0,0.0,0.0,8.6473,review_queue,1,2026-03-24
MPWR,"{'LITE', 'WDC', 'SNDK'}",seed_peer,LITE|SNDK|WDC,,"Monolithic Power Systems, Inc.",Strong Buy,0.0024529176,technology,computer-hardware,,,,,3,1,LITE|SNDK|WDC,0,0,0,new,,,,,52868157440.0,,,,,,,,24.0,targeted_current,0.4083787729519124,0.1580130806508806,0.1745929468679219,0.7673474451864186,low,4.558,5.70630181970252,39.0,196.0,0.0,0.0,0.3248345472198234,0.931226776039944,0.6391319644161908,0.1060377350880095,0.1874264304921593,-0.1263038124543332,-0.1060958413671875,0.0,1.0,fringe,,,,,,,,,0,targeted_current,1,0,0,7.8615,review,2,NMS,NMS,True,1000000000.0,0.0,0.0,0.0,0.0,0.0,0.0,0.0,0.0,0.0,0.0,7.8615,review_queue,1,2026-03-24
FDX,{'BE'},seed_peer,BE,,FedEx Corporation,Buy,0.012702279,industrials,electrical-equipment-parts,,,,,1,1,BE,0,0,0,new,,,,,83945873408.0,,,,,,,,12.0,targeted_current,0.4399128299125717,0.2391334801816429,0.5351887757466964,0.4450265589439115,weak,3.1115,4.926070218736965,39.0,63.0,0.0,0.0,0.3764052254416258,1.7679203264223522,0.7595021528428354,0.2046148783854403,0.3292076126236343,-0.0841742465050076,-0.0841742465050076,0.0,1.0,fringe,,,,,,,,,0,targeted_current,1,0,0,6.6005,review,2,NYQ,NYQ,True,1000000000.0,0.0,0.0,0.0,0.0,0.0,0.0,0.0,0.0,0.0,0.0,6.6005,review_queue,1,2026-03-24
INTC,"{'LITE', 'WDC', 'SNDK'}",seed_peer,LITE|SNDK|WDC,,Intel Corporation,Hold,0.010199788,technology,computer-hardware,,,,,3,1,LITE|SNDK|WDC,0,0,0,new,,,,,219837792256.0,,,,,,,,24.0,targeted_current,0.5724693744672213,0.2130650441655317,0.4878295616986339,0.8368113523866536,weak,3.0725,4.574269135705085,26.0,45.0,0.0,0.0,0.4870590810071272,0.7856608591089282,0.4577108441398198,0.1885710487019893,0.3302666704517392,-0.189801204551063,-0.0022671114811748,0.0,1.0,fringe,,,,,,,,,0,targeted_current,1,0,0,6.2898,review,2,NMS,NMS,True,1000000000.0,0.0,0.0,0.0,0.0,0.0,0.0,0.0,0.0,0.0,0.0,6.2898,review_queue,1,2026-03-24
CSX,{'BE'},seed_peer,BE,,CSX Corporation,Buy,0.010956591,industrials,electrical-equipment-parts,,,,,1,1,BE,0,0,0,new,,,,,72411136000.0,,,,,,,,12.0,targeted_current,0.2045613294179035,0.0636437579216704,0.1807155599514152,0.2988658846325083,weak,3.7305,4.9992328674398,82.0,141.0,0.0,0.0,0.1461430650055228,0.8997881246158871,0.7200436995498407,0.0566777461831599,0.0992180336076222,-0.0979847051575557,-0.0796502632285285,0.0,1.0,fringe,,,,,,,,,0,targeted_current,1,0,0,6.1569,review,2,NMS,NMS,True,1000000000.0,0.0,0.0,0.0,0.0,0.0,0.0,0.0,0.0,0.0,0.0,6.1569,review_queue,1,2026-03-24
GWW,{'BE'},seed_peer,BE,,"W.W. Grainger, Inc.",Hold,0.007558496,industrials,electrical-equipment-parts,,,,,1,1,BE,0,0,0,new,,,,,49981333504.0,,,,,,,,12.0,targeted_current,0.067134114569521,0.0342807894914551,0.0676987741550245,0.0829961175230504,weak,3.8495,4.854897185270541,106.0,151.0,46.0,0.304635761589404,0.0197962028725067,0.2441416979581352,0.6483428666331816,0.0207595061687155,0.0262587234764986,-0.1230799966783864,-0.06441479149096,0.0,1.0,fringe,,,,,,,,,0,targeted_current,1,0,0,6.1071,review,2,NYQ,NYQ,True,1000000000.0,0.0,0.0,0.0,0.0,0.0,0.0,0.0,0.0,0.0,0.0,6.1071,review_queue,1,2026-03-24
JCI,{'BE'},seed_peer,BE,,Johnson Controls International plc,Buy,0.012342436,industrials,electrical-equipment-parts,,,,,1,1,BE,0,0,0,new,,,,,81594540032.0,,,,,,,,12.0,targeted_current,0.3579457225620741,0.1319008551933245,0.2261477714503275,0.6027661073581954,weak,2.4105,4.236934475691015,43.0,1.0,0.0,0.0,0.2835246329060329,1.2412494089363206,0.76056251343004,0.104828279388319,0.1734228289198613,-0.083803120299486,-0.0731621775149385,0.0,1.0,fringe,,,,,,,,,0,targeted_current,1,0,0,5.8695,discovered,1,NYQ,NYQ,True,1000000000.0,0.0,0.0,0.0,0.0,0.0,0.0,0.0,0.0,0.0,0.0,5.8695,review_queue,1,2026-03-24
WAB,{'BE'},seed_peer,BE,,Westinghouse Air Brake Technologies Corporation,Buy,0.0062517,industrials,electrical-equipment-parts,,,,,1,1,BE,0,0,0,new,,,,,41332318208.0,,,,,,,,12.0,targeted_current,0.259993160058373,0.1314606075369557,0.2807630979563329,0.3034894984211216,weak,2.6335,4.320445738862258,68.0,27.0,0.0,0.0,0.2022657357995304,1.2186253020913318,0.7507363934477945,0.0910065046559681,0.1421395193527344,-0.0872422622932719,-0.0872422622932719,0.0,1.0,fringe,,,,,,,,,0,targeted_current,1,0,0,5.7865,discovered,1,NYQ,NYQ,True,1000000000.0,0.0,0.0,0.0,0.0,0.0,0.0,0.0,0.0,0.0,0.0,5.7865,review_queue,1,2026-03-24
PSTG,"{'WDC', 'SNDK'}",industry_top_growth,,,"Everpure, Inc.",,,technology,computer-hardware,,,,,2,1,SNDK|WDC,0,0,0,new,-0.0381,0.1408450704225353,,,21282863104.0,,,,,,,,17.5,targeted_current,-0.0066618060888496,-0.0387712282847809,-0.2664163301510762,0.2691474290713425,weak,4.396,4.545996261620576,106.0,251.0,44.0,0.1752988047808765,-0.0663792938270893,-0.0112692813487232,0.0088290947328329,0.0,-0.0774289243727642,-0.1523997830663764,-0.1280941590911929,0.0,1.0,fringe,,,,,,,,,0,targeted_current,1,0,0,5.3729,discovered,1,NYQ,NYQ,True,1000000000.0,0.0,0.0,0.0,0.0,0.0,0.0,0.0,0.0,0.0,0.0,5.3729,review_queue,1,2026-03-24
DAL,{'BE'},seed_peer,BE,,"Delta Air Lines, Inc.",Strong Buy,0.0064365217,industrials,electrical-equipment-parts,,,,,1,1,BE,0,0,0,new,,,,,42548195328.0,,,,,,,,12.0,targeted_current,0.1765197154194776,-0.0715610001891307,0.0898594224014528,0.3872203662418065,weak,2.6675,3.939224225286228,72.0,35.0,0.0,0.0,0.1119225372995045,0.4093418014618121,0.6124750619901879,0.0453986468201921,0.0870927119693807,-0.1356337283034342,-0.0620680448798238,0.0,1.0,fringe,,,,,,,,,0,targeted_current,1,0,0,5.2212,discovered,1,NYQ,NYQ,True,1000000000.0,0.0,0.0,0.0,0.0,0.0,0.0,0.0,0.0,0.0,0.0,5.2212,review_queue,1,2026-03-24
CSCO,"{'LITE', 'WDC', 'SNDK'}",seed_peer,LITE|SNDK|WDC,,"Cisco Systems, Inc.",Buy,0.0144491615,technology,computer-hardware,,,,,3,1,LITE|SNDK|WDC,0,0,0,new,,,,,311484547072.0,,,,,,,,24.0,targeted_current,0.1871723124363662,0.0243015311337806,0.1555490507661776,0.3002309647578476,weak,2.2,3.781557503292349,87.0,0.0,0.0,0.0,0.1282981563478464,0.549206645596603,0.7379251573291046,0.0563373481581441,0.098181074198701,-0.0917261949348133,-0.0047979453037896,0.0,1.0,fringe,,,,,,,,,0,targeted_current,1,0,0,5.1833,discovered,1,NMS,NMS,True,1000000000.0,0.0,0.0,0.0,0.0,0.0,0.0,0.0,0.0,0.0,0.0,5.1833,review_queue,1,2026-03-24
AME,{'BE'},seed_peer,BE,,"AMETEK, Inc.",Buy,0.007376013,industrials,electrical-equipment-parts,,,,,1,1,BE,0,0,0,new,,,,,48731377664.0,,,,,,,,12.0,targeted_current,0.1476967937790273,0.0537234624877915,0.1327513870740746,0.2096288661295979,weak,2.15,3.6646157314843375,91.0,0.0,0.0,0.0,0.0938669179222604,0.6817907035754014,0.6609907780211876,0.0508687744527106,0.0861131416083447,-0.1186532276925843,-0.0886471561611732,0.0,1.0,fringe,,,,,,,,,0,targeted_current,1,0,0,5.0281,discovered,1,NYQ,NYQ,True,1000000000.0,0.0,0.0,0.0,0.0,0.0,0.0,0.0,0.0,0.0,0.0,5.0281,review_queue,1,2026-03-24
MSI,"{'LITE', 'WDC', 'SNDK'}",seed_peer,LITE|SNDK|WDC,,"Motorola Solutions, Inc.",Buy,0.003528746,technology,computer-hardware,,,,,3,1,LITE|SNDK|WDC,0,0,0,new,,,,,76072329216.0,,,,,,,,24.0,targeted_current,0.0604714385969072,0.2218120259543949,-0.0410952671254204,0.0813678506404911,weak,2.653,3.7951148555512098,107.0,86.0,0.0,0.0,0.0138773466003308,0.2666180280282628,0.8038520207303643,0.0468394051883194,0.072097195205611,-0.0606240801283105,-0.0132249870084649,0.0,1.0,fringe,,,,,,,,,0,targeted_current,1,0,0,5.0037,discovered,1,NYQ,NYQ,True,1000000000.0,0.0,0.0,0.0,0.0,0.0,0.0,0.0,0.0,0.0,0.0,5.0037,review_queue,1,2026-03-24
PCAR,{'BE'},seed_peer,BE,,PACCAR Inc,Buy,0.009096847,industrials,electrical-equipment-parts,,,,,1,1,BE,0,0,0,new,,,,,60120252416.0,,,,,,,,12.0,targeted_current,0.1299145893141861,0.0252914770836252,0.1494068042141321,0.1627339305295205,weak,2.05,3.5043578400900475,92.0,0.0,0.0,0.0,0.0785590915649159,0.5282220491854966,0.6654751636667473,0.0542879031499984,0.0923985019913422,-0.1170836927166384,-0.1100732234160514,0.0,1.0,fringe,,,,,,,,,0,targeted_current,1,0,0,4.8677,discovered,1,NMS,NMS,True,1000000000.0,0.0,0.0,0.0,0.0,0.0,0.0,0.0,0.0,0.0,0.0,4.8677,review_queue,1,2026-03-24
ROK,{'BE'},seed_peer,BE,,"Rockwell Automation, Inc.",Buy,0.006087533,industrials,electrical-equipment-parts,,,,,1,1,BE,0,0,0,new,,,,,40218472448.0,,,,,,,,12.0,targeted_current,0.1488368706983986,-0.0862826438032374,0.0287791933680114,0.3864543052796036,weak,2.1,3.4262513115891173,92.0,0.0,0.0,0.0,0.0838768092449702,0.4637408192140687,0.5187521859818627,0.0,-0.0128714086870495,-0.168436734906348,-0.1027107527646151,0.0,1.0,fringe,,,,,,,,,0,targeted_current,1,0,0,4.7555,discovered,1,NYQ,NYQ,True,1000000000.0,0.0,0.0,0.0,0.0,0.0,0.0,0.0,0.0,0.0,0.0,4.7555,review_queue,1,2026-03-24
FERG,{'BE'},seed_peer,BE,,Ferguson Enterprises Inc.,Buy,0.0067596342,industrials,electrical-equipment-parts,,,,,1,1,BE,0,0,0,new,,,,,44663779328.0,,,,,,,,12.0,targeted_current,0.1278161449947432,-0.0157480208663234,-0.0301207600008885,0.3575351329209084,weak,2.0105,3.2900622223044054,93.0,1.0,0.0,0.0,0.0645975362287357,0.441583683151836,0.5206037038406767,0.0,-0.032071553884158,-0.1677887036557631,-0.1274509803921568,0.0,1.0,fringe,,,,,,,,,0,targeted_current,1,0,0,4.6222,discovered,1,NYQ,NYQ,True,1000000000.0,0.0,0.0,0.0,0.0,0.0,0.0,0.0,0.0,0.0,0.0,4.6222,review_queue,1,2026-03-24
NSC,{'BE'},seed_peer,BE,,Norfolk Southern Corporation,Hold,0.009682654,industrials,electrical-equipment-parts,,,,,1,1,BE,0,0,0,new,,,,,63989555200.0,,,,,,,,12.0,targeted_current,0.0850867102117311,-0.0235752824651235,0.0043707334577587,0.2201336833041309,weak,1.863,3.1988546495870493,107.0,6.0,0.0,0.0,0.0295311057263746,0.4082010213586385,0.7044244159784159,0.0,0.0140095786487512,-0.1034514544075544,-0.0989153391284207,0.0,1.0,fringe,,,,,,,,,0,targeted_current,1,0,0,4.5555,discovered,1,NYQ,NYQ,True,1000000000.0,0.0,0.0,0.0,0.0,0.0,0.0,0.0,0.0,0.0,0.0,4.5555,review_queue,1,2026-03-24
URI,{'BE'},seed_peer,BE,,"United Rentals, Inc.",Buy,0.0070481272,industrials,electrical-equipment-parts,,,,,1,1,BE,0,0,0,new,,,,,46589358080.0,,,,,,,,12.0,targeted_current,-0.0418158162388607,-0.0855433762604183,-0.2224806986500075,0.1607128461830649,weak,3.771,3.705288573925908,131.0,241.0,19.0,0.0788381742738589,-0.0956621944239469,-0.0891679532671978,0.1934173327534138,0.0,-0.1325311913947815,-0.2342653525432879,-0.194761910452587,0.0,0.0,fringe,,,,,,,,,0,targeted_current,1,0,0,4.4913,discovered,1,NYQ,NYQ,True,1000000000.0,0.0,0.0,0.0,0.0,0.0,0.0,0.0,0.0,0.0,0.0,4.4913,review_queue,1,2026-03-24
TEL,"{'LITE', 'WDC', 'SNDK'}",seed_peer,LITE|SNDK|WDC,,TE Connectivity plc,Buy,0.0027345852,technology,computer-hardware,,,,,3,1,LITE|SNDK|WDC,0,0,0,new,,,,,58955137024.0,,,,,,,,24.0,targeted_current,0.0983113465105716,-0.1114307554035776,-0.0711477310130355,0.3726414749912534,weak,1.95,3.095589454637747,95.0,0.0,0.0,0.0,0.0334398177350341,0.2637925123209389,0.4468157577295789,0.0,-0.0369526229634208,-0.1716584226818128,-0.1445916715339689,0.0,1.0,fringe,,,,,,,,,0,targeted_current,1,0,0,4.3876,discovered,1,NYQ,NYQ,True,1000000000.0,0.0,0.0,0.0,0.0,0.0,0.0,0.0,0.0,0.0,0.0,4.3876,review_queue,1,2026-03-24
UNP,{'BE'},seed_peer,BE,,Union Pacific Corporation,Buy,0.021402424,industrials,electrical-equipment-parts,,,,,1,1,BE,0,0,0,new,,,,,141476397056.0,,,,,,,,12.0,targeted_current,0.0416707003151968,0.0168500852277775,0.0805040318104355,0.0152476763636677,weak,1.6815,2.913298651682249,116.0,3.0,0.0,0.0,-0.0019974981270105,0.1810623455910399,0.6939195311111046,0.018911555025978,0.0316138486275723,-0.1071281641111133,-0.1042089829022434,0.0,1.0,fringe,,,,,,,,,0,targeted_current,1,0,0,4.2583,discovered,1,NYQ,NYQ,True,1000000000.0,0.0,0.0,0.0,0.0,0.0,0.0,0.0,0.0,0.0,0.0,4.2583,review_queue,1,2026-03-24
WCN,{'BE'},seed_peer,BE,,"Waste Connections, Inc.",Strong Buy,0.0062777703,industrials,electrical-equipment-parts,,,,,1,1,BE,0,0,0,new,,,,,41494339584.0,,,,,,,,12.0,targeted_current,-0.1000651457535956,-0.0758455326031727,-0.0670805201302517,-0.1451595779521509,weak,2.514,2.945805062941837,143.0,120.0,6.0,0.05,-0.1362789622554283,-0.3989120206145761,0.4620084382363968,0.0,-0.0843870987529232,-0.0909599576849338,-0.0080674251608691,0.0,1.0,fringe,,,,,,,,,0,targeted_current,1,0,0,4.1811,discovered,1,NYQ,NYQ,True,1000000000.0,0.0,0.0,0.0,0.0,0.0,0.0,0.0,0.0,0.0,0.0,4.1811,review_queue,1,2026-03-24
ITW,{'BE'},seed_peer,BE,,Illinois Tool Works Inc.,Hold,0.011457946,industrials,electrical-equipment-parts,,,,,1,1,BE,0,0,0,new,,,,,75724546048.0,,,,,,,,12.0,targeted_current,0.0253968048412931,0.0460626151030791,0.0033988188277127,0.0370618857239803,weak,1.7,2.8497844066364206,114.0,0.0,0.0,0.0,-0.0196717109070896,0.1086461764249739,0.6485790067442363,0.0093950043164651,0.0188034026103984,-0.1229973476395173,-0.1092616780322173,0.0,1.0,fringe,,,,,,,,,0,targeted_current,1,0,0,4.1624,discovered,1,NYQ,NYQ,True,1000000000.0,0.0,0.0,0.0,0.0,0.0,0.0,0.0,0.0,0.0,0.0,4.1624,review_queue,1,2026-03-24
MMM,{'BE'},seed_peer,BE,,3M Company,Buy,0.011680162,industrials,electrical-equipment-parts,,,,,1,1,BE,0,0,0,new,,,,,77182615552.0,,,,,,,,12.0,targeted_current,-0.0568928158437123,-0.0939663542557788,-0.0641124403167981,-0.0311364221645933,weak,2.0540000000000003,2.7667107362166266,131.0,48.0,0.0,0.0,-0.0994638189397408,-0.183469081017454,0.5410178936943775,0.0,-0.0689847523668298,-0.1606437372069679,-0.1227104052411466,0.0,1.0,fringe,,,,,,,,,0,targeted_current,1,0,0,4.0144,discovered,1,NYQ,NYQ,True,1000000000.0,0.0,0.0,0.0,0.0,0.0,0.0,0.0,0.0,0.0,0.0,4.0144,review_queue,1,2026-03-24
SNPS,"{'LITE', 'WDC', 'SNDK'}",seed_peer,LITE|SNDK|WDC,,"Synopsys, Inc.",Buy,0.0038438307,technology,computer-hardware,,,,,3,1,LITE|SNDK|WDC,0,0,0,new,,,,,82846752768.0,,,,,,,,24.0,targeted_current,-0.0776363203275604,-0.0559884609676363,-0.1271846397854125,-0.0389119305496704,weak,2.6260000000000003,2.824439469870915,133.0,112.0,0.0,0.0,-0.1198565921638581,-0.1852405976372176,0.0575657831181922,0.0,-0.1185142866619423,-0.1892317032690345,-0.016956838236304,0.0,1.0,fringe,,,,,,,,,0,targeted_current,1,0,0,3.8885,discovered,1,NMS,NMS,True,1000000000.0,0.0,0.0,0.0,0.0,0.0,0.0,0.0,0.0,0.0,0.0,3.8885,review_queue,1,2026-03-24
UPS,{'BE'},seed_peer,BE,,"United Parcel Service, Inc.",Buy,0.0125484755,industrials,electrical-equipment-parts,,,,,1,1,BE,0,0,0,new,,,,,82940256256.0,,,,,,,,12.0,targeted_current,-0.0099054167961024,-0.0432014457582794,0.1619081728007994,-0.1650709919119158,weak,1.6,2.5978532963844296,121.0,0.0,0.0,0.0,-0.0436539421980131,-0.0368782793552564,0.4683332897367931,0.0030888709039236,0.0039987043865872,-0.1860833485921224,-0.1632828290915674,0.0,1.0,fringe,,,,,,,,,0,targeted_current,1,0,0,3.8634,discovered,1,NYQ,NYQ,True,1000000000.0,0.0,0.0,0.0,0.0,0.0,0.0,0.0,0.0,0.0,0.0,3.8634,review_queue,1,2026-03-24
CTAS,{'BE'},seed_peer,BE,,Cintas Corporation,Buy,0.010968491,industrials,electrical-equipment-parts,,,,,1,1,BE,0,0,0,new,,,,,72489787392.0,,,,,,,,12.0,targeted_current,-0.0742125041492375,-0.0457106361771594,-0.0945385384866405,-0.0681374037978737,weak,1.88,2.4747303219006773,143.0,60.0,0.0,0.0,-0.1145974599950156,-0.3842881058137249,0.417050536501129,0.0,-0.1060437726042705,-0.1140174654310427,-0.0940405817258726,0.0,1.0,fringe,,,,,,,,,0,targeted_current,1,0,0,3.752,discovered,1,NMS,NMS,True,1000000000.0,0.0,0.0,0.0,0.0,0.0,0.0,0.0,0.0,0.0,0.0,3.752,review_queue,1,2026-03-24
RSG,{'BE'},seed_peer,BE,,"Republic Services, Inc.",Buy,0.010151705,industrials,electrical-equipment-parts,,,,,1,1,BE,0,0,0,new,,,,,67088621568.0,,,,,,,,12.0,targeted_current,-0.0458101403200986,0.0153189773766622,-0.0449898942629266,-0.0771949452256511,weak,1.35,2.282890051934396,135.0,0.0,0.0,0.0,-0.0850537834419763,-0.2787918550078252,0.5423167532239932,0.0,-0.0483966635743892,-0.0669049307231807,-0.0126196094417354,0.0,1.0,fringe,,,,,,,,,0,targeted_current,1,0,0,3.652,discovered,1,NYQ,NYQ,True,1000000000.0,0.0,0.0,0.0,0.0,0.0,0.0,0.0,0.0,0.0,0.0,3.652,review_queue,1,2026-03-24
ADSK,"{'LITE', 'WDC', 'SNDK'}",seed_peer,LITE|SNDK|WDC,,"Autodesk, Inc.",Strong Buy,0.0024338542,technology,computer-hardware,,,,,3,1,LITE|SNDK|WDC,0,0,0,new,,,,,52457279488.0,,,,,,,,24.0,targeted_current,-0.1583187704114142,-0.1731051646953912,-0.2331484422340867,-0.0760959014467532,weak,2.0215,2.0703431428903616,153.0,83.0,0.0,0.0,-0.1997908629149798,-0.4312575055288156,0.3062385714839359,0.0,-0.146412360055279,-0.1785678935800432,0.0901401317252066,0.0,0.0,fringe,,,,,,,,,0,targeted_current,1,0,0,3.2099,discovered,1,NMS,NMS,True,1000000000.0,0.0,0.0,0.0,0.0,0.0,0.0,0.0,0.0,0.0,0.0,3.2099,review_queue,1,2026-03-24
IBM,"{'LITE', 'WDC', 'SNDK'}",seed_peer,LITE|SNDK|WDC,,International Business Machines Corporation,Buy,0.010816893,technology,computer-hardware,,,,,3,1,LITE|SNDK|WDC,0,0,0,new,,,,,233199353856.0,,,,,,,,24.0,targeted_current,-0.0531714698043087,-0.1731070316275654,-0.067417386886491,0.0210422281895019,weak,1.3,1.8878545237844944,137.0,0.0,0.0,0.0,-0.0991312695516526,-0.1170523147358119,0.3964242063074907,0.0,-0.1039547062375734,-0.2106249999393973,-0.0339088547850567,0.0,0.0,fringe,,,,,,,,,0,targeted_current,1,0,0,3.1046,discovered,1,NYQ,NYQ,True,1000000000.0,0.0,0.0,0.0,0.0,0.0,0.0,0.0,0.0,0.0,0.0,3.1046,review_queue,1,2026-03-24
LITE,"{'LITE', 'WDC', 'SNDK'}",industry_top_growth|industry_top_performing|seed_peer,LITE|SNDK|WDC,,Lumentum Holdings Inc.,Buy,0.0024148198,technology,computer-hardware,,,,,3,3,LITE|SNDK|WDC,1,0,0,active,0.9777,0.5643564356435644,728.95,677.478,,,,,,,,,26.5,targeted_current,,,,,,,,,,,,,,,,,,,,,,,,,,,,,,0,targeted_current,1,0,0,2.8,discovered,1,,,True,1000000000.0,0.0,0.0,0.0,0.0,0.0,0.0,0.0,0.0,0.0,0.0,2.8,review_queue,1,2026-03-24
VRT,{'BE'},industry_top_growth|industry_top_performing|seed_peer,BE,,Vertiv Holdings Co,Strong Buy,0.014820172,industrials,electrical-equipment-parts,,,,,1,3,BE,1,0,0,active,0.5801,0.519774011299435,256.0,267.826,,,,,,,,,14.5,targeted_current,,,,,,,,,,,,,,,,,,,,,,,,,,,,,,0,targeted_current,1,0,0,2.8,discovered,1,,,True,1000000000.0,0.0,0.0,0.0,0.0,0.0,0.0,0.0,0.0,0.0,0.0,2.8,review_queue,1,2026-03-24
SNOW,"{'LITE', 'WDC', 'SNDK'}",seed_peer,LITE|SNDK|WDC,,Snowflake Inc.,Strong Buy,0.0027657754,technology,computer-hardware,,,,,3,1,LITE|SNDK|WDC,0,0,0,new,,,,,59611238400.0,,,,,,,,24.0,targeted_current,-0.0969630030159335,-0.2128688316391074,-0.2441860457418093,0.108212954021529,weak,1.4,1.58,135.0,0.0,0.0,0.0,-0.1488587677225151,-0.1829946976039828,0.0,0.0,-0.1875888892488497,-0.2572378891615818,0.0098550547724185,0.0,0.0,fringe,,,,,,,,,0,targeted_current,1,0,0,2.735,discovered,1,NYQ,NYQ,True,1000000000.0,0.0,0.0,0.0,0.0,0.0,0.0,0.0,0.0,0.0,0.0,2.735,review_queue,1,2026-03-24
ACN,"{'LITE', 'WDC', 'SNDK'}",seed_peer,LITE|SNDK|WDC,,Accenture plc,Buy,0.0057550776,technology,computer-hardware,,,,,3,1,LITE|SNDK|WDC,0,0,0,new,,,,,124095987712.0,,,,,,,,24.0,targeted_current,-0.2521443554906569,-0.2590753793021042,-0.1655402302084686,-0.3352829688671215,weak,1.1,1.165,169.0,0.0,0.0,0.0,-0.2796066976255783,-0.5777599438021376,0.0,0.0,-0.2351094000342011,-0.3067858932938221,-0.0711864471630698,0.0,0.0,fringe,,,,,,,,,0,targeted_current,1,0,0,2.4238,discovered,1,NYQ,NYQ,True,1000000000.0,0.0,0.0,0.0,0.0,0.0,0.0,0.0,0.0,0.0,0.0,2.4238,review_queue,1,2026-03-24
ADP,"{'LITE', 'WDC', 'SNDK'}",seed_peer,LITE|SNDK|WDC,,"Automatic Data Processing, Inc.",Hold,0.003935242,technology,computer-hardware,,,,,3,1,LITE|SNDK|WDC,0,0,0,new,,,,,84816945152.0,,,,,,,,24.0,targeted_current,-0.2700566751678649,-0.196421022596713,-0.2818150455004549,-0.2951161311208509,weak,1.05,1.0825,170.0,0.0,0.0,0.0,-0.2999098841576519,-1.0438614787834184,0.0,0.0,-0.2401134327765528,-0.2116757560534696,-0.0221942205424692,0.0,0.0,fringe,,,,,,,,,0,targeted_current,1,0,0,2.3619,discovered,1,NMS,NMS,True,1000000000.0,0.0,0.0,0.0,0.0,0.0,0.0,0.0,0.0,0.0,0.0,2.3619,review_queue,1,2026-03-24
AAPL,"{'VGT', 'LITE', 'WDC', 'SNDK'}",etf_holding|seed_peer,LITE|SNDK|WDC,VGT,Apple Inc.,Buy,0.17150056,technology,computer-hardware,AAPL,Apple Inc,0.1583723,SNDK,4,2,LITE|SNDK|VGT|WDC,1,0,0,active,,,,,,,,,,,,,32.0,targeted_current,,,,,,,,,,,,,,,,,,,,,,,,,,,,,,0,targeted_current,1,0,0,2.35,discovered,1,,,True,1000000000.0,0.0,0.0,0.0,0.0,0.0,0.0,0.0,0.0,0.0,0.0,2.35,review_queue,1,2026-03-24
AVGO,"{'VGT', 'LITE', 'WDC', 'SNDK'}",etf_holding|seed_peer,LITE|SNDK|WDC,VGT,Broadcom Inc.,Strong Buy,0.07094585,technology,computer-hardware,AVGO,Broadcom Inc,0.0434203,SNDK,4,2,LITE|SNDK|VGT|WDC,1,0,0,active,,,,,,,,,,,,,32.0,targeted_current,,,,,,,,,,,,,,,,,,,,,,,,,,,,,,0,targeted_current,1,0,0,2.35,discovered,1,,,True,1000000000.0,0.0,0.0,0.0,0.0,0.0,0.0,0.0,0.0,0.0,0.0,2.35,review_queue,1,2026-03-24
MSFT,"{'VGT', 'LITE', 'WDC', 'SNDK'}",etf_holding|seed_peer,LITE|SNDK|WDC,VGT,Microsoft Corporation,Strong Buy,0.13212167,technology,computer-hardware,MSFT,Microsoft Corp,0.10394,SNDK,4,2,LITE|SNDK|VGT|WDC,1,0,0,active,,,,,,,,,,,,,32.0,targeted_current,,,,,,,,,,,,,,,,,,,,,,,,,,,,,,0,targeted_current,1,0,0,2.35,discovered,1,,,True,1000000000.0,0.0,0.0,0.0,0.0,0.0,0.0,0.0,0.0,0.0,0.0,2.35,review_queue,1,2026-03-24
NVDA,"{'VGT', 'LITE', 'WDC', 'SNDK'}",etf_holding|seed_peer,LITE|SNDK|WDC,VGT,NVIDIA Corporation,Strong Buy,0.19825675,technology,computer-hardware,NVDA,NVIDIA Corp,0.1806971,SNDK,4,2,LITE|SNDK|VGT|WDC,1,0,0,active,,,,,,,,,,,,,32.0,targeted_current,,,,,,,,,,,,,,,,,,,,,,,,,,,,,,0,targeted_current,1,0,0,2.35,discovered,1,,,True,1000000000.0,0.0,0.0,0.0,0.0,0.0,0.0,0.0,0.0,0.0,0.0,2.35,review_queue,1,2026-03-24
ANET,"{'LITE', 'WDC', 'SNDK'}",industry_top_growth|seed_peer,LITE|SNDK|WDC,,"Arista Networks, Inc.",Strong Buy,0.007939047,technology,computer-hardware,,,,,3,2,LITE|SNDK|WDC,1,0,0,active,0.037,0.2564841498559078,,,,,,,,,,,26.5,targeted_current,,,,,,,,,,,,,,,,,,,,,,,,,,,,,,0,targeted_current,1,0,0,2.35,discovered,1,,,True,1000000000.0,0.0,0.0,0.0,0.0,0.0,0.0,0.0,0.0,0.0,0.0,2.35,review_queue,1,2026-03-24
SNDK,"{'LITE', 'WDC', 'SNDK'}",industry_top_performing|seed_peer,LITE|SNDK|WDC,,Sandisk Corporation,Buy,0.004810809,technology,computer-hardware,,,,,3,2,LITE|SNDK|WDC,1,0,0,active,1.9593,,702.49,767.684,,,,,,,,,26.5,targeted_current,,,,,,,,,,,,,,,,,,,,,,,,,,,,,,0,targeted_current,1,0,0,2.35,discovered,1,,,True,1000000000.0,0.0,0.0,0.0,0.0,0.0,0.0,0.0,0.0,0.0,0.0,2.35,review_queue,1,2026-03-24
WDC,"{'LITE', 'WDC', 'SNDK'}",industry_top_performing|seed_peer,LITE|SNDK|WDC,,Western Digital Corporation,Buy,0.0046762717,technology,computer-hardware,,,,,3,2,LITE|SNDK|WDC,1,0,0,active,0.7112,,294.79,321.0,,,,,,,,,26.5,targeted_current,,,,,,,,,,,,,,,,,,,,,,,,,,,,,,0,targeted_current,1,0,0,2.35,discovered,1,,,True,1000000000.0,0.0,0.0,0.0,0.0,0.0,0.0,0.0,0.0,0.0,0.0,2.35,review_queue,1,2026-03-24
CAT,"{'BE', 'XLI'}",etf_holding|seed_peer,BE,XLI,Caterpillar Inc.,Buy,0.049687654,industrials,electrical-equipment-parts,CAT,Caterpillar Inc,0.0639929,BE,2,2,BE|XLI,1,0,0,active,,,,,,,,,,,,,20.0,targeted_current,,,,,,,,,,,,,,,,,,,,,,,,,,,,,,0,targeted_current,1,0,0,2.35,discovered,1,,,True,1000000000.0,0.0,0.0,0.0,0.0,0.0,0.0,0.0,0.0,0.0,0.0,2.35,review_queue,1,2026-03-24
GE,"{'BE', 'XLI'}",etf_holding|seed_peer,BE,XLI,GE Aerospace,Strong Buy,0.04653118,industrials,electrical-equipment-parts,GE,GE Aerospace,0.0664574,BE,2,2,BE|XLI,1,0,0,active,,,,,,,,,,,,,20.0,targeted_current,,,,,,,,,,,,,,,,,,,,,,,,,,,,,,0,targeted_current,1,0,0,2.35,discovered,1,,,True,1000000000.0,0.0,0.0,0.0,0.0,0.0,0.0,0.0,0.0,0.0,0.0,2.35,review_queue,1,2026-03-24
RTX,"{'BE', 'XLI'}",etf_holding|seed_peer,BE,XLI,RTX Corporation,Buy,0.039677143,industrials,electrical-equipment-parts,RTX,RTX Corp,0.0500102,BE,2,2,BE|XLI,1,0,0,active,,,,,,,,,,,,,20.0,targeted_current,,,,,,,,,,,,,,,,,,,,,,,,,,,,,,0,targeted_current,1,0,0,2.35,discovered,1,,,True,1000000000.0,0.0,0.0,0.0,0.0,0.0,0.0,0.0,0.0,0.0,0.0,2.35,review_queue,1,2026-03-24
BE,{'BE'},industry_top_performing|seed_peer,BE,,Bloom Energy Corporation,Buy,0.005999457,industrials,electrical-equipment-parts,,,,,1,2,BE,1,0,0,active,0.6265,,141.33,144.08,,,,,,,,,14.5,targeted_current,,,,,,,,,,,,,,,,,,,,,,,,,,,,,,0,targeted_current,1,0,0,2.35,discovered,1,,,True,1000000000.0,0.0,0.0,0.0,0.0,0.0,0.0,0.0,0.0,0.0,0.0,2.35,review_queue,1,2026-03-24
AAOI,{'LITE'},industry_top_growth|industry_top_performing,,,"Applied Optoelectronics, Inc.",,,technology,communication-equipment,,,,,1,2,LITE,0,0,0,new,1.7466,0.9285714285714288,95.76,90.3,7438170624.0,,,,,,,,11.5,targeted_current,,,,,,,,,,,,,,,,,,,,,,,,,,,,,,0,targeted_current,1,0,0,2.35,discovered,1,NGM,NGM,True,1000000000.0,0.0,0.0,0.0,0.0,0.0,0.0,0.0,0.0,0.0,0.0,2.35,review_queue,1,2026-03-24
POWL,{'BE'},industry_top_growth|industry_top_performing,,,"Powell Industries, Inc.",,,industrials,electrical-equipment-parts,,,,,1,2,BE,0,0,0,new,0.7021,1.9271844660194173,542.59,517.667,6588281856.0,,,,,,,,11.5,targeted_current,,,,,,,,,,,,,,,,,,,,,,,,,,,,,,0,targeted_current,1,0,0,2.35,discovered,1,NMS,NMS,True,1000000000.0,0.0,0.0,0.0,0.0,0.0,0.0,0.0,0.0,0.0,0.0,2.35,review_queue,1,2026-03-24
ADBE,"{'LITE', 'WDC', 'SNDK'}",seed_peer,LITE|SNDK|WDC,,Adobe Inc.,Buy,0.0047165314,technology,computer-hardware,,,,,3,1,LITE|SNDK|WDC,1,0,0,active,,,,,,,,,,,,,24.0,targeted_current,,,,,,,,,,,,,,,,,,,,,,,,,,,,,,0,targeted_current,1,0,0,1.9,discovered,1,,,True,1000000000.0,0.0,0.0,0.0,0.0,0.0,0.0,0.0,0.0,0.0,0.0,1.9,review_queue,1,2026-03-24
ADI,"{'LITE', 'WDC', 'SNDK'}",seed_peer,LITE|SNDK|WDC,,"Analog Devices, Inc.",Buy,0.0070714625,technology,computer-hardware,,,,,3,1,LITE|SNDK|WDC,0,1,0,reserve,,,,,,,,,,,,,24.0,targeted_current,,,,,,,,,,,,,,,,,,,,,,,,,,,,,,0,targeted_current,1,0,0,1.9,discovered,1,,,True,1000000000.0,0.0,0.0,0.0,0.0,0.0,0.0,0.0,0.0,0.0,0.0,1.9,review_queue,1,2026-03-24
AMAT,"{'LITE', 'WDC', 'SNDK'}",seed_peer,LITE|SNDK|WDC,,"Applied Materials, Inc.",Buy,0.013321478,technology,computer-hardware,,,,,3,1,LITE|SNDK|WDC,1,0,0,active,,,,,,,,,,,,,24.0,targeted_current,,,,,,,,,,,,,,,,,,,,,,,,,,,,,,0,targeted_current,1,0,0,1.9,discovered,1,,,True,1000000000.0,0.0,0.0,0.0,0.0,0.0,0.0,0.0,0.0,0.0,0.0,1.9,review_queue,1,2026-03-24
AMD,"{'LITE', 'WDC', 'SNDK'}",seed_peer,LITE|SNDK|WDC,,"Advanced Micro Devices, Inc.",Buy,0.015331926,technology,computer-hardware,,,,,3,1,LITE|SNDK|WDC,1,0,0,active,,,,,,,,,,,,,24.0,targeted_current,,,,,,,,,,,,,,,,,,,,,,,,,,,,,,0,targeted_current,1,0,0,1.9,discovered,1,,,True,1000000000.0,0.0,0.0,0.0,0.0,0.0,0.0,0.0,0.0,0.0,0.0,1.9,review_queue,1,2026-03-24
APH,"{'LITE', 'WDC', 'SNDK'}",seed_peer,LITE|SNDK|WDC,,Amphenol Corporation,Buy,0.007452337,technology,computer-hardware,,,,,3,1,LITE|SNDK|WDC,1,0,0,active,,,,,,,,,,,,,24.0,targeted_current,,,,,,,,,,,,,,,,,,,,,,,,,,,,,,0,targeted_current,1,0,0,1.9,discovered,1,,,True,1000000000.0,0.0,0.0,0.0,0.0,0.0,0.0,0.0,0.0,0.0,0.0,1.9,review_queue,1,2026-03-24
CDNS,"{'LITE', 'WDC', 'SNDK'}",seed_peer,LITE|SNDK|WDC,,"Cadence Design Systems, Inc.",Strong Buy,0.0037441861,technology,computer-hardware,,,,,3,1,LITE|SNDK|WDC,1,0,0,active,,,,,,,,,,,,,24.0,targeted_current,,,,,,,,,,,,,,,,,,,,,,,,,,,,,,0,targeted_current,1,0,0,1.9,discovered,1,,,True,1000000000.0,0.0,0.0,0.0,0.0,0.0,0.0,0.0,0.0,0.0,0.0,1.9,review_queue,1,2026-03-24
CRM,"{'LITE', 'WDC', 'SNDK'}",seed_peer,LITE|SNDK|WDC,,"Salesforce, Inc.",Buy,0.008485231,technology,computer-hardware,,,,,3,1,LITE|SNDK|WDC,1,0,0,active,,,,,,,,,,,,,24.0,targeted_current,,,,,,,,,,,,,,,,,,,,,,,,,,,,,,0,targeted_current,1,0,0,1.9,discovered,1,,,True,1000000000.0,0.0,0.0,0.0,0.0,0.0,0.0,0.0,0.0,0.0,0.0,1.9,review_queue,1,2026-03-24
CRWD,"{'LITE', 'WDC', 'SNDK'}",seed_peer,LITE|SNDK|WDC,,"CrowdStrike Holdings, Inc.",Buy,0.0048633786,technology,computer-hardware,,,,,3,1,LITE|SNDK|WDC,1,0,0,active,,,,,,,,,,,,,24.0,targeted_current,,,,,,,,,,,,,,,,,,,,,,,,,,,,,,0,targeted_current,1,0,0,1.9,discovered,1,,,True,1000000000.0,0.0,0.0,0.0,0.0,0.0,0.0,0.0,0.0,0.0,0.0,1.9,review_queue,1,2026-03-24
FTNT,"{'LITE', 'WDC', 'SNDK'}",seed_peer,LITE|SNDK|WDC,,"Fortinet, Inc.",Hold,0.0028558092,technology,computer-hardware,,,,,3,1,LITE|SNDK|WDC,0,0,1,hard_exclusion,,,,,,,,,,,,,24.0,targeted_current,,,,,,,,,,,,,,,,,,,,,,,,,,,,,,0,targeted_current,1,0,0,1.9,discovered,1,,,True,1000000000.0,0.0,0.0,0.0,0.0,0.0,0.0,0.0,0.0,0.0,0.0,1.9,review_queue,1,2026-03-24
INTU,"{'LITE', 'WDC', 'SNDK'}",seed_peer,LITE|SNDK|WDC,,Intuit Inc.,Buy,0.0059006074,technology,computer-hardware,,,,,3,1,LITE|SNDK|WDC,1,0,0,active,,,,,,,,,,,,,24.0,targeted_current,,,,,,,,,,,,,,,,,,,,,,,,,,,,,,0,targeted_current,1,0,0,1.9,discovered,1,,,True,1000000000.0,0.0,0.0,0.0,0.0,0.0,0.0,0.0,0.0,0.0,0.0,1.9,review_queue,1,2026-03-24
KLAC,"{'LITE', 'WDC', 'SNDK'}",seed_peer,LITE|SNDK|WDC,,KLA Corporation,Buy,0.009213972,technology,computer-hardware,,,,,3,1,LITE|SNDK|WDC,1,0,0,active,,,,,,,,,,,,,24.0,targeted_current,,,,,,,,,,,,,,,,,,,,,,,,,,,,,,0,targeted_current,1,0,0,1.9,discovered,1,,,True,1000000000.0,0.0,0.0,0.0,0.0,0.0,0.0,0.0,0.0,0.0,0.0,1.9,review_queue,1,2026-03-24
LRCX,"{'LITE', 'WDC', 'SNDK'}",seed_peer,LITE|SNDK|WDC,,Lam Research Corporation,Buy,0.013596344,technology,computer-hardware,,,,,3,1,LITE|SNDK|WDC,1,0,0,active,,,,,,,,,,,,,24.0,targeted_current,,,,,,,,,,,,,,,,,,,,,,,,,,,,,,0,targeted_current,1,0,0,1.9,discovered,1,,,True,1000000000.0,0.0,0.0,0.0,0.0,0.0,0.0,0.0,0.0,0.0,0.0,1.9,review_queue,1,2026-03-24
MRVL,"{'LITE', 'WDC', 'SNDK'}",seed_peer,LITE|SNDK|WDC,,"Marvell Technology, Inc.",Strong Buy,0.003657322,technology,computer-hardware,,,,,3,1,LITE|SNDK|WDC,1,0,0,active,,,,,,,,,,,,,24.0,targeted_current,,,,,,,,,,,,,,,,,,,,,,,,,,,,,,0,targeted_current,1,0,0,1.9,discovered,1,,,True,1000000000.0,0.0,0.0,0.0,0.0,0.0,0.0,0.0,0.0,0.0,0.0,1.9,review_queue,1,2026-03-24
MU,"{'LITE', 'WDC', 'SNDK'}",seed_peer,LITE|SNDK|WDC,,"Micron Technology, Inc.",Buy,0.021156944,technology,computer-hardware,,,,,3,1,LITE|SNDK|WDC,1,0,0,active,,,,,,,,,,,,,24.0,targeted_current,,,,,,,,,,,,,,,,,,,,,,,,,,,,,,0,targeted_current,1,0,0,1.9,discovered,1,,,True,1000000000.0,0.0,0.0,0.0,0.0,0.0,0.0,0.0,0.0,0.0,0.0,1.9,review_queue,1,2026-03-24
NET,"{'LITE', 'WDC', 'SNDK'}",seed_peer,LITE|SNDK|WDC,,"Cloudflare, Inc.",Buy,0.0036033883,technology,computer-hardware,,,,,3,1,LITE|SNDK|WDC,1,0,0,active,,,,,,,,,,,,,24.0,targeted_current,,,,,,,,,,,,,,,,,,,,,,,,,,,,,,0,targeted_current,1,0,0,1.9,discovered,1,,,True,1000000000.0,0.0,0.0,0.0,0.0,0.0,0.0,0.0,0.0,0.0,0.0,1.9,review_queue,1,2026-03-24
NOW,"{'LITE', 'WDC', 'SNDK'}",seed_peer,LITE|SNDK|WDC,,"ServiceNow, Inc.",Strong Buy,0.0054315953,technology,computer-hardware,,,,,3,1,LITE|SNDK|WDC,1,0,0,active,,,,,,,,,,,,,24.0,targeted_current,,,,,,,,,,,,,,,,,,,,,,,,,,,,,,0,targeted_current,1,0,0,1.9,discovered,1,,,True,1000000000.0,0.0,0.0,0.0,0.0,0.0,0.0,0.0,0.0,0.0,0.0,1.9,review_queue,1,2026-03-24
NXPI,"{'LITE', 'WDC', 'SNDK'}",seed_peer,LITE|SNDK|WDC,,NXP Semiconductors N.V.,Strong Buy,0.0022673353,technology,computer-hardware,,,,,3,1,LITE|SNDK|WDC,1,0,0,active,,,,,,,,,,,,,24.0,targeted_current,,,,,,,,,,,,,,,,,,,,,,,,,,,,,,0,targeted_current,1,0,0,1.9,discovered,1,,,True,1000000000.0,0.0,0.0,0.0,0.0,0.0,0.0,0.0,0.0,0.0,0.0,1.9,review_queue,1,2026-03-24
ORCL,"{'LITE', 'WDC', 'SNDK'}",seed_peer,LITE|SNDK|WDC,,Oracle Corporation,Buy,0.020595063,technology,computer-hardware,,,,,3,1,LITE|SNDK|WDC,1,0,0,active,,,,,,,,,,,,,24.0,targeted_current,,,,,,,,,,,,,,,,,,,,,,,,,,,,,,0,targeted_current,1,0,0,1.9,discovered,1,,,True,1000000000.0,0.0,0.0,0.0,0.0,0.0,0.0,0.0,0.0,0.0,0.0,1.9,review_queue,1,2026-03-24
PANW,"{'LITE', 'WDC', 'SNDK'}",seed_peer,LITE|SNDK|WDC,,"Palo Alto Networks, Inc.",Buy,0.006210909,technology,computer-hardware,,,,,3,1,LITE|SNDK|WDC,1,0,0,active,,,,,,,,,,,,,24.0,targeted_current,,,,,,,,,,,,,,,,,,,,,,,,,,,,,,0,targeted_current,1,0,0,1.9,discovered,1,,,True,1000000000.0,0.0,0.0,0.0,0.0,0.0,0.0,0.0,0.0,0.0,0.0,1.9,review_queue,1,2026-03-24
PLTR,"{'LITE', 'WDC', 'SNDK'}",seed_peer,LITE|SNDK|WDC,,Palantir Technologies Inc.,Buy,0.017854476,technology,computer-hardware,,,,,3,1,LITE|SNDK|WDC,1,0,0,active,,,,,,,,,,,,,24.0,targeted_current,,,,,,,,,,,,,,,,,,,,,,,,,,,,,,0,targeted_current,1,0,0,1.9,discovered,1,,,True,1000000000.0,0.0,0.0,0.0,0.0,0.0,0.0,0.0,0.0,0.0,0.0,1.9,review_queue,1,2026-03-24
QCOM,"{'LITE', 'WDC', 'SNDK'}",seed_peer,LITE|SNDK|WDC,,QUALCOMM Incorporated,Hold,0.006360251,technology,computer-hardware,,,,,3,1,LITE|SNDK|WDC,1,0,0,active,,,,,,,,,,,,,24.0,targeted_current,,,,,,,,,,,,,,,,,,,,,,,,,,,,,,0,targeted_current,1,0,0,1.9,discovered,1,,,True,1000000000.0,0.0,0.0,0.0,0.0,0.0,0.0,0.0,0.0,0.0,0.0,1.9,review_queue,1,2026-03-24
SHOP,"{'LITE', 'WDC', 'SNDK'}",seed_peer,LITE|SNDK|WDC,,Shopify Inc.,Buy,0.0073328237,technology,computer-hardware,,,,,3,1,LITE|SNDK|WDC,1,0,0,active,,,,,,,,,,,,,24.0,targeted_current,,,,,,,,,,,,,,,,,,,,,,,,,,,,,,0,targeted_current,1,0,0,1.9,discovered,1,,,True,1000000000.0,0.0,0.0,0.0,0.0,0.0,0.0,0.0,0.0,0.0,0.0,1.9,review_queue,1,2026-03-24
TXN,"{'LITE', 'WDC', 'SNDK'}",seed_peer,LITE|SNDK|WDC,,Texas Instruments Incorporated,Hold,0.007968233,technology,computer-hardware,,,,,3,1,LITE|SNDK|WDC,0,1,0,reserve,,,,,,,,,,,,,24.0,targeted_current,,,,,,,,,,,,,,,,,,,,,,,,,,,,,,0,targeted_current,1,0,0,1.9,discovered,1,,,True,1000000000.0,0.0,0.0,0.0,0.0,0.0,0.0,0.0,0.0,0.0,0.0,1.9,review_queue,1,2026-03-24
UBER,"{'LITE', 'WDC', 'SNDK'}",seed_peer,LITE|SNDK|WDC,,"Uber Technologies, Inc.",Buy,0.0072419327,technology,computer-hardware,,,,,3,1,LITE|SNDK|WDC,1,0,0,active,,,,,,,,,,,,,24.0,targeted_current,,,,,,,,,,,,,,,,,,,,,,,,,,,,,,0,targeted_current,1,0,0,1.9,discovered,1,,,True,1000000000.0,0.0,0.0,0.0,0.0,0.0,0.0,0.0,0.0,0.0,0.0,1.9,review_queue,1,2026-03-24
UI,"{'LITE', 'WDC', 'SNDK'}",seed_peer,LITE|SNDK|WDC,,Ubiquiti Inc.,Hold,0.0022726634,technology,computer-hardware,,,,,3,1,LITE|SNDK|WDC,1,0,0,active,,,,,,,,,,,,,24.0,targeted_current,,,,,,,,,,,,,,,,,,,,,,,,,,,,,,0,targeted_current,1,0,0,1.9,discovered,1,,,True,1000000000.0,0.0,0.0,0.0,0.0,0.0,0.0,0.0,0.0,0.0,0.0,1.9,review_queue,1,2026-03-24
SMCI,"{'WDC', 'SNDK'}",industry_top_growth,,,"Super Micro Computer, Inc.",,,technology,computer-hardware,,,,,2,1,SNDK|WDC,1,0,0,active,-0.2627,0.511996378451788,,,,,,,,,,,17.5,targeted_current,,,,,,,,,,,,,,,,,,,,,,,,,,,,,,0,targeted_current,1,0,0,1.9,discovered,1,,,True,1000000000.0,0.0,0.0,0.0,0.0,0.0,0.0,0.0,0.0,0.0,0.0,1.9,review_queue,1,2026-03-24
AXON,{'BE'},seed_peer,BE,,"Axon Enterprise, Inc.",Buy,0.0061710817,industrials,electrical-equipment-parts,,,,,1,1,BE,1,0,0,active,,,,,,,,,,,,,12.0,targeted_current,,,,,,,,,,,,,,,,,,,,,,,,,,,,,,0,targeted_current,1,0,0,1.9,discovered,1,,,True,1000000000.0,0.0,0.0,0.0,0.0,0.0,0.0,0.0,0.0,0.0,0.0,1.9,review_queue,1,2026-03-24
BA,{'BE'},seed_peer,BE,,The Boeing Company,Buy,0.023592288,industrials,electrical-equipment-parts,,,,,1,1,BE,1,0,0,active,,,,,,,,,,,,,12.0,targeted_current,,,,,,,,,,,,,,,,,,,,,,,,,,,,,,0,targeted_current,1,0,0,1.9,discovered,1,,,True,1000000000.0,0.0,0.0,0.0,0.0,0.0,0.0,0.0,0.0,0.0,0.0,1.9,review_queue,1,2026-03-24
CARR,{'BE'},seed_peer,BE,,Carrier Global Corporation,Buy,0.007373332,industrials,electrical-equipment-parts,,,,,1,1,BE,1,0,0,active,,,,,,,,,,,,,12.0,targeted_current,,,,,,,,,,,,,,,,,,,,,,,,,,,,,,0,targeted_current,1,0,0,1.9,discovered,1,,,True,1000000000.0,0.0,0.0,0.0,0.0,0.0,0.0,0.0,0.0,0.0,0.0,1.9,review_queue,1,2026-03-24
CMI,{'BE'},seed_peer,BE,,Cummins Inc.,Buy,0.011461678,industrials,electrical-equipment-parts,,,,,1,1,BE,0,1,0,reserve,,,,,,,,,,,,,12.0,targeted_current,,,,,,,,,,,,,,,,,,,,,,,,,,,,,,0,targeted_current,1,0,0,1.9,discovered,1,,,True,1000000000.0,0.0,0.0,0.0,0.0,0.0,0.0,0.0,0.0,0.0,0.0,1.9,review_queue,1,2026-03-24
DE,{'BE'},seed_peer,BE,,Deere & Company,Buy,0.02325635,industrials,electrical-equipment-parts,,,,,1,1,BE,1,0,0,active,,,,,,,,,,,,,12.0,targeted_current,,,,,,,,,,,,,,,,,,,,,,,,,,,,,,0,targeted_current,1,0,0,1.9,discovered,1,,,True,1000000000.0,0.0,0.0,0.0,0.0,0.0,0.0,0.0,0.0,0.0,0.0,1.9,review_queue,1,2026-03-24
EME,{'BE'},seed_peer,BE,,"EMCOR Group, Inc.",Buy,0.0050439998,industrials,electrical-equipment-parts,,,,,1,1,BE,0,0,0,new,,,,,33344749568.0,,,,,,,,12.0,targeted_current,,,,,,,,,,,,,,,,,,,,,,,,,,,,,,0,targeted_current,1,0,0,1.9,discovered,1,NYQ,NYQ,True,1000000000.0,0.0,0.0,0.0,0.0,0.0,0.0,0.0,0.0,0.0,0.0,1.9,review_queue,1,2026-03-24
EMR,{'BE'},seed_peer,BE,,Emerson Electric Co.,Buy,0.011046249,industrials,electrical-equipment-parts,,,,,1,1,BE,0,1,0,reserve,,,,,,,,,,,,,12.0,targeted_current,,,,,,,,,,,,,,,,,,,,,,,,,,,,,,0,targeted_current,1,0,0,1.9,discovered,1,,,True,1000000000.0,0.0,0.0,0.0,0.0,0.0,0.0,0.0,0.0,0.0,0.0,1.9,review_queue,1,2026-03-24
ETN,{'BE'},seed_peer,BE,,Eaton Corporation plc,Buy,0.021141607,industrials,electrical-equipment-parts,,,,,1,1,BE,1,0,0,active,,,,,,,,,,,,,12.0,targeted_current,,,,,,,,,,,,,,,,,,,,,,,,,,,,,,0,targeted_current,1,0,0,1.9,discovered,1,,,True,1000000000.0,0.0,0.0,0.0,0.0,0.0,0.0,0.0,0.0,0.0,0.0,1.9,review_queue,1,2026-03-24
FAST,{'BE'},seed_peer,BE,,Fastenal Company,Hold,0.0077233906,industrials,electrical-equipment-parts,,,,,1,1,BE,1,0,0,active,,,,,,,,,,,,,12.0,targeted_current,,,,,,,,,,,,,,,,,,,,,,,,,,,,,,0,targeted_current,1,0,0,1.9,discovered,1,,,True,1000000000.0,0.0,0.0,0.0,0.0,0.0,0.0,0.0,0.0,0.0,0.0,1.9,review_queue,1,2026-03-24
GD,{'BE'},seed_peer,BE,,General Dynamics Corporation,Buy,0.014211915,industrials,electrical-equipment-parts,,,,,1,1,BE,0,1,0,reserve,,,,,,,,,,,,,12.0,targeted_current,,,,,,,,,,,,,,,,,,,,,,,,,,,,,,0,targeted_current,1,0,0,1.9,discovered,1,,,True,1000000000.0,0.0,0.0,0.0,0.0,0.0,0.0,0.0,0.0,0.0,0.0,1.9,review_queue,1,2026-03-24
HEI-A,{'BE'},seed_peer,BE,,HEICO Corporation,Hold,0.005138265,industrials,electrical-equipment-parts,,,,,1,1,BE,0,0,0,new,,,,,33957701632.0,,,,,,,,12.0,targeted_current,,,,,,,,,,,,,,,,,,,,,,,,,,,,,,0,targeted_current,1,0,0,1.9,discovered,1,NYQ,NYQ,True,1000000000.0,0.0,0.0,0.0,0.0,0.0,0.0,0.0,0.0,0.0,0.0,1.9,review_queue,1,2026-03-24
HON,{'BE'},seed_peer,BE,,Honeywell International Inc.,Buy,0.021450134,industrials,electrical-equipment-parts,,,,,1,1,BE,0,1,0,reserve,,,,,,,,,,,,,12.0,targeted_current,,,,,,,,,,,,,,,,,,,,,,,,,,,,,,0,targeted_current,1,0,0,1.9,discovered,1,,,True,1000000000.0,0.0,0.0,0.0,0.0,0.0,0.0,0.0,0.0,0.0,0.0,1.9,review_queue,1,2026-03-24
HWM,{'BE'},seed_peer,BE,,Howmet Aerospace Inc.,Strong Buy,0.014375454,industrials,electrical-equipment-parts,,,,,1,1,BE,1,0,0,active,,,,,,,,,,,,,12.0,targeted_current,,,,,,,,,,,,,,,,,,,,,,,,,,,,,,0,targeted_current,1,0,0,1.9,discovered,1,,,True,1000000000.0,0.0,0.0,0.0,0.0,0.0,0.0,0.0,0.0,0.0,0.0,1.9,review_queue,1,2026-03-24
IR,{'BE'},seed_peer,BE,,Ingersoll Rand Inc.,Buy,0.004919666,industrials,electrical-equipment-parts,,,,,1,1,BE,0,0,0,new,,,,,32517586944.0,,,,,,,,12.0,targeted_current,,,,,,,,,,,,,,,,,,,,,,,,,,,,,,0,targeted_current,1,0,0,1.9,discovered,1,NYQ,NYQ,True,1000000000.0,0.0,0.0,0.0,0.0,0.0,0.0,0.0,0.0,0.0,0.0,1.9,review_queue,1,2026-03-24
LHX,{'BE'},seed_peer,BE,,"L3Harris Technologies, Inc.",Buy,0.009778164,industrials,electrical-equipment-parts,,,,,1,1,BE,1,0,0,active,,,,,,,,,,,,,12.0,targeted_current,,,,,,,,,,,,,,,,,,,,,,,,,,,,,,0,targeted_current,1,0,0,1.9,discovered,1,,,True,1000000000.0,0.0,0.0,0.0,0.0,0.0,0.0,0.0,0.0,0.0,0.0,1.9,review_queue,1,2026-03-24
LMT,{'BE'},seed_peer,BE,,Lockheed Martin Corporation,Hold,0.02157676,industrials,electrical-equipment-parts,,,,,1,1,BE,0,1,0,reserve,,,,,,,,,,,,,12.0,targeted_current,,,,,,,,,,,,,,,,,,,,,,,,,,,,,,0,targeted_current,1,0,0,1.9,discovered,1,,,True,1000000000.0,0.0,0.0,0.0,0.0,0.0,0.0,0.0,0.0,0.0,0.0,1.9,review_queue,1,2026-03-24
NOC,{'BE'},seed_peer,BE,,Northrop Grumman Corporation,Buy,0.014684665,industrials,electrical-equipment-parts,,,,,1,1,BE,1,0,0,active,,,,,,,,,,,,,12.0,targeted_current,,,,,,,,,,,,,,,,,,,,,,,,,,,,,,0,targeted_current,1,0,0,1.9,discovered,1,,,True,1000000000.0,0.0,0.0,0.0,0.0,0.0,0.0,0.0,0.0,0.0,0.0,1.9,review_queue,1,2026-03-24
ODFL,{'BE'},seed_peer,BE,,"Old Dominion Freight Line, Inc.",Hold,0.0059386147,industrials,electrical-equipment-parts,,,,,1,1,BE,0,0,0,new,,,,,39247773696.0,,,,,,,,12.0,targeted_current,,,,,,,,,,,,,,,,,,,,,,,,,,,,,,0,targeted_current,1,0,0,1.9,discovered,1,NMS,NMS,True,1000000000.0,0.0,0.0,0.0,0.0,0.0,0.0,0.0,0.0,0.0,0.0,1.9,review_queue,1,2026-03-24
PH,{'BE'},seed_peer,BE,,Parker-Hannifin Corporation,Buy,0.017303871,industrials,electrical-equipment-parts,,,,,1,1,BE,1,0,0,active,,,,,,,,,,,,,12.0,targeted_current,,,,,,,,,,,,,,,,,,,,,,,,,,,,,,0,targeted_current,1,0,0,1.9,discovered,1,,,True,1000000000.0,0.0,0.0,0.0,0.0,0.0,0.0,0.0,0.0,0.0,0.0,1.9,review_queue,1,2026-03-24
PWR,{'BE'},seed_peer,BE,,"Quanta Services, Inc.",Buy,0.012846526,industrials,electrical-equipment-parts,,,,,1,1,BE,1,0,0,active,,,,,,,,,,,,,12.0,targeted_current,,,,,,,,,,,,,,,,,,,,,,,,,,,,,,0,targeted_current,1,0,0,1.9,discovered,1,,,True,1000000000.0,0.0,0.0,0.0,0.0,0.0,0.0,0.0,0.0,0.0,0.0,1.9,review_queue,1,2026-03-24
RKLB,{'BE'},seed_peer,BE,,Rocket Lab Corporation,Buy,0.005839383,industrials,electrical-equipment-parts,,,,,1,1,BE,1,0,0,active,,,,,,,,,,,,,12.0,targeted_current,,,,,,,,,,,,,,,,,,,,,,,,,,,,,,0,targeted_current,1,0,0,1.9,discovered,1,,,True,1000000000.0,0.0,0.0,0.0,0.0,0.0,0.0,0.0,0.0,0.0,0.0,1.9,review_queue,1,2026-03-24
TDG,{'BE'},seed_peer,BE,,TransDigm Group Incorporated,Buy,0.009852201,industrials,electrical-equipment-parts,,,,,1,1,BE,1,0,0,active,,,,,,,,,,,,,12.0,targeted_current,,,,,,,,,,,,,,,,,,,,,,,,,,,,,,0,targeted_current,1,0,0,1.9,discovered,1,,,True,1000000000.0,0.0,0.0,0.0,0.0,0.0,0.0,0.0,0.0,0.0,0.0,1.9,review_queue,1,2026-03-24
TT,{'BE'},seed_peer,BE,,Trane Technologies plc,Buy,0.014257382,industrials,electrical-equipment-parts,,,,,1,1,BE,1,0,0,active,,,,,,,,,,,,,12.0,targeted_current,,,,,,,,,,,,,,,,,,,,,,,,,,,,,,0,targeted_current,1,0,0,1.9,discovered,1,,,True,1000000000.0,0.0,0.0,0.0,0.0,0.0,0.0,0.0,0.0,0.0,0.0,1.9,review_queue,1,2026-03-24
WM,{'BE'},seed_peer,BE,,"Waste Management, Inc.",Buy,0.013885947,industrials,electrical-equipment-parts,,,,,1,1,BE,1,0,0,active,,,,,,,,,,,,,12.0,targeted_current,,,,,,,,,,,,,,,,,,,,,,,,,,,,,,0,targeted_current,1,0,0,1.9,discovered,1,,,True,1000000000.0,0.0,0.0,0.0,0.0,0.0,0.0,0.0,0.0,0.0,0.0,1.9,review_queue,1,2026-03-24
AMPX,{'BE'},industry_top_performing,,,"Amprius Technologies, Inc.",,,industrials,electrical-equipment-parts,,,,,1,1,BE,0,0,0,new,1.3676,,18.68,20.0,2436133376.0,,,,,,,,11.5,targeted_current,,,,,,,,,,,,,,,,,,,,,,,,,,,,,,0,targeted_current,1,0,0,1.9,discovered,1,NYQ,NYQ,True,1000000000.0,0.0,0.0,0.0,0.0,0.0,0.0,0.0,0.0,0.0,0.0,1.9,review_queue,1,2026-03-24
EOSE,{'BE'},industry_top_growth,,,"Eos Energy Enterprises, Inc.",,,industrials,electrical-equipment-parts,,,,,1,1,BE,0,0,0,new,-0.534,0.165745856353591,,,1812579072.0,,,,,,,,11.5,targeted_current,,,,,,,,,,,,,,,,,,,,,,,,,,,,,,0,targeted_current,1,0,0,1.9,discovered,1,NCM,NCM,True,1000000000.0,0.0,0.0,0.0,0.0,0.0,0.0,0.0,0.0,0.0,0.0,1.9,review_queue,1,2026-03-24
EXTR,{'LITE'},industry_top_growth,,,"Extreme Networks, Inc.",,,technology,communication-equipment,,,,,1,1,LITE,0,0,0,new,-0.0889,1.40625,,,2036868864.0,,,,,,,,11.5,targeted_current,,,,,,,,,,,,,,,,,,,,,,,,,,,,,,0,targeted_current,1,0,0,1.9,discovered,1,NMS,NMS,True,1000000000.0,0.0,0.0,0.0,0.0,0.0,0.0,0.0,0.0,0.0,0.0,1.9,review_queue,1,2026-03-24
HLIT,{'LITE'},industry_top_growth,,,Harmonic Inc.,,,technology,communication-equipment,,,,,1,1,LITE,0,0,0,new,-0.0637,0.9189189189189187,,,1037594816.0,,,,,,,,11.5,targeted_current,,,,,,,,,,,,,,,,,,,,,,,,,,,,,,0,targeted_current,1,0,0,1.9,discovered,1,NMS,NMS,True,1000000000.0,0.0,0.0,0.0,0.0,0.0,0.0,0.0,0.0,0.0,0.0,1.9,review_queue,1,2026-03-24
NVT,{'BE'},industry_top_growth,,,nVent Electric plc,,,industrials,electrical-equipment-parts,,,,,1,1,BE,0,0,0,new,0.1866,0.1896551724137931,,,19580588032.0,,,,,,,,11.5,targeted_current,,,,,,,,,,,,,,,,,,,,,,,,,,,,,,0,targeted_current,1,0,0,1.9,discovered,1,NYQ,NYQ,True,1000000000.0,0.0,0.0,0.0,0.0,0.0,0.0,0.0,0.0,0.0,0.0,1.9,review_queue,1,2026-03-24
VIAV,{'LITE'},industry_top_performing,,,Viavi Solutions Inc.,,,technology,communication-equipment,,,,,1,1,LITE,0,0,0,new,0.8861,,33.61,30.9286,7776995840.0,,,,,,,,11.5,targeted_current,,,,,,,,,,,,,,,,,,,,,,,,,,,,,,0,targeted_current,1,0,0,1.9,discovered,1,NMS,NMS,True,1000000000.0,0.0,0.0,0.0,0.0,0.0,0.0,0.0,0.0,0.0,0.0,1.9,review_queue,1,2026-03-24
OSS,"{'WDC', 'SNDK'}",industry_top_growth|industry_top_performing,,,"One Stop Systems, Inc.",,,technology,computer-hardware,,,,,2,2,SNDK|WDC,0,0,0,new,0.2827,12.0,9.21,12.6667,225787680.0,,,,,,,,17.5,targeted_current,1.1483417509295704,0.2845188201040396,0.3425655770984153,2.3860293901734906,medium,8.777999999999999,8.969832948801926,6.0,336.0,42.0,0.125,0.9776591881667558,0.9168510446694974,0.393865420687573,0.2688561606489703,0.4837434175527964,-0.2121471027593494,-0.0524691579085452,0.0,0.0,persistent_leader,watch,37374.74076837832,1496.9037131262116,,,55.12367134541643,71.1891249706593,1.0,2,targeted_current,1,0,1,11.7014,reject,0,NCM,NCM,False,1000000000.0,0.0,0.0,0.0,0.0,0.0,0.0,0.0,0.0,0.0,0.0,1656.3814,blocked_broker,-1,2026-03-24
FIEE,{'LITE'},industry_top_performing,,,,,,technology,communication-equipment,,,,,1,1,LITE,0,0,0,new,1.2009,,7.065,,44480972.0,,,,,,,,11.5,targeted_current,,,,,,,,,,,,,,,,,,,,,,,,,,,,,,0,targeted_current,1,0,0,-2.1,reject,0,NCM,NCM,False,1000000000.0,0.0,0.0,0.0,0.0,0.0,0.0,0.0,0.0,0.0,0.0,-2.1,blocked_broker,-1,2026-03-24
NTGR,{'LITE'},industry_top_growth,,,"NETGEAR, Inc.",,,technology,communication-equipment,,,,,1,1,LITE,0,0,0,new,-0.1007,35.66666666666667,,,626564800.0,,,,,,,,11.5,targeted_current,,,,,,,,,,,,,,,,,,,,,,,,,,,,,,0,targeted_current,1,0,0,-2.1,reject,0,NMS,NMS,False,1000000000.0,0.0,0.0,0.0,0.0,0.0,0.0,0.0,0.0,0.0,0.0,-2.1,blocked_broker,-1,2026-03-24
RFIL,{'BE'},industry_top_performing,,,"RF Industries, Ltd.",,,industrials,electrical-equipment-parts,,,,,1,1,BE,0,0,0,new,0.8201,,10.52,11.25,113766096.0,,,,,,,,11.5,targeted_current,,,,,,,,,,,,,,,,,,,,,,,,,,,,,,0,targeted_current,1,0,0,-2.1,reject,0,NGM,NGM,False,1000000000.0,0.0,0.0,0.0,0.0,0.0,0.0,0.0,0.0,0.0,0.0,-2.1,blocked_broker,-1,2026-03-24
ULBI,{'BE'},industry_top_growth,,,Ultralife Corporation,,,industrials,electrical-equipment-parts,,,,,1,1,BE,0,0,0,new,0.1451,0.4339622641509433,,,109050608.0,,,,,,,,11.5,targeted_current,,,,,,,,,,,,,,,,,,,,,,,,,,,,,,0,targeted_current,1,0,0,-2.1,reject,0,NGM,NGM,False,1000000000.0,0.0,0.0,0.0,0.0,0.0,0.0,0.0,0.0,0.0,0.0,-2.1,blocked_broker,-1,2026-03-24
WATT,{'LITE'},industry_top_performing,,,Energous Corporation,,,technology,communication-equipment,,,,,1,1,LITE,0,0,0,new,3.7168,,18.82,13.0,40936248.0,,,,,,,,11.5,targeted_current,,,,,,,,,,,,,,,,,,,,,,,,,,,,,,0,targeted_current,1,0,0,-2.1,reject,0,NCM,NCM,False,1000000000.0,0.0,0.0,0.0,0.0,0.0,0.0,0.0,0.0,0.0,0.0,-2.1,blocked_broker,-1,2026-03-24
